100	💯
abacus	🧮
abbutton	🆎
abbuttonbloodtype	🆎
acceptable	🉑
acceptablebutton	🉑
accordion	🪗
adhesive	🩹
adhesivebandage	🩹
admission	🎟️
admissiontickets	🎟️
aerial	🚡
aerialtramway	🚡
afghanistan	🇦🇫
africa	🇿🇦
african	🇨🇫
africanrepublic	🇨🇫
agree	👍
ahundred	💯
aid	🦻
airplane	✈️
airplanearrival	🛬
airplanedeparture	🛫
airport	✈️
alarm	⏰
alarmclock	⏰
albania	🇦🇱
alembic	⚗️
algeria	🇩🇿
alien	👽
alienmonster	👾
alternation	〽️
alternationmark	〽️
amazing	🤩
ambulance	🚑
american	🏈
americanfootball	🏈
americansamoa	🇦🇸
americas	🌎
amount	🈷️
amountbutton	🈷️
amphora	🏺
amulet	🧿
anatomical	🫀
anatomicalheart	🫀
anchor	⚓
andorra	🇦🇩
angel	👼
anger	💢
angerbubble	🗯️
angersymbol	💢
angola	🇦🇴
angry	😠
angryface	😠
angryfacehorns	👿
anguilla	🇦🇮
anguished	😧
anguishedface	😧
annoyed	😠
ant	🐜
antarctica	🇦🇶
antenna	📶
antennabars	📶
antigua	🇦🇬
antiguabarbuda	🇦🇬
anxious	😰
anxiousface	😰
anxiousfacesweat	😰
applause	👏
apple	🍎
application	🈸
applicationbutton	🈸
aquarius	♒
arab	🇦🇪
arabemirates	🇦🇪
arabia	🇸🇦
argentina	🇦🇷
aries	♈
arm	🦾
armenia	🇦🇲
arrival	🛬
arrows	🔃
arrowsbutton	🔄
art	🎨
articulated	🚛
articulatedlorry	🚛
artist	🧑‍🎨
artistpalette	🎨
arts	🎭
artsuniform	🥋
aruba	🇦🇼
ascension	🇦🇨
ascensionisland	🇦🇨
asia	🌏
asiaaustralia	🌏
asterisk	✳️
astonished	😲
astonishedface	😲
astronaut	🧑‍🚀
ata	🪅
atm	🏧
atmsign	🏧
atom	⚛️
atomsymbol	⚛️
australia	🇦🇺
austria	🇦🇹
auto	🛺
automobile	🚗
autorickshaw	🛺
avocado	🥑
away	💨
awesome	🤩
axe	🪓
azerbaijan	🇦🇿
baby	👶
babyangel	👼
babybottle	🍼
babysymbol	🚼
backarrow	🔙
backhandindexpointingup	👆
backpack	🎒
backtears	🥹
bacon	🥓
badge	📛
badger	🦡
badminton	🏸
bag	👝
bagel	🥯
baggage	🛄
baggageclaim	🛄
bags	🛍️
bagsunder	🫩
baguette	🥖
baguettebread	🥖
bahamas	🇧🇸
bahrain	🇧🇭
balance	⚖️
balancescale	⚖️
bald	👨‍🦲
ballet	🩰
balletshoes	🩰
balloon	🎈
ballot	🗳️
ballotbox	🗳️
ballotboxballot	🗳️
banana	🍌
bandage	🩹
bangladesh	🇧🇩
banjo	🪕
bank	🏦
bar	📊
barbados	🇧🇧
barber	💈
barberpole	💈
barbuda	🇦🇬
barchart	📊
bargain	🉐
bargainbutton	🉐
bars	📶
barth	🇧🇱
barthlemy	🇧🇱
baseball	⚾
basket	🧺
basketball	🏀
bat	🦇
bath	🛀
bathtub	🛁
battery	🔋
bbutton	🅱️
bbuttonbloodtype	🅱️
bday	🎂
beach	🏖️
beachumbrella	🏖️
beads	📿
beaming	😁
beamingface	😁
beamingfacesmilingeyes	😁
beans	🫘
bear	🐻
beard	🧔
beating	💓
beatingheart	💓
beaver	🦫
bed	🛏️
beer	🍺
beermug	🍺
beermugs	🍻
beetle	🪲
beginner	🔰
behindcloud	⛅
behindlarge	🌥️
behindrain	🌦️
behindsmall	🌤️
belarus	🇧🇾
belgium	🇧🇪
belize	🇧🇿
bell	🔔
bellhop	🛎️
bellhopbell	🛎️
bellpepper	🫑
bellslash	🔕
benin	🇧🇯
bento	🍱
bentobox	🍱
bermuda	🇧🇲
beverage	🧃
beveragebox	🧃
bhutan	🇧🇹
biceps	💪
bicycle	🚲
bicycles	🚳
bigeyes	😃
bike	🚲
bikini	👙
billed	🧢
billedcap	🧢
bin	🚮
binsign	🚮
biohazard	☣️
bird	🐦
birthday	🎂
birthdaycake	🎂
biryani	🍛
bison	🦬
bissau	🇬🇼
biting	🫦
bitinglip	🫦
blackbird	🐦‍⬛
blackcat	🐈‍⬛
blackcircle	⚫
blackflag	🏴
blackheart	🖤
blacklarge	⬛
blacklargesquare	⬛
blackmediumsmallsquare	◾
blackmediumsquare	◼️
blacknib	✒️
blacksmall	▪️
blacksmallsquare	▪️
blacksquare	🔲
blacksquarebutton	🔲
blond	👱
blossom	🌼
blowfish	🐡
blowing	😘
blowingakiss	😘
blueberries	🫐
bluebook	📘
bluecircle	🔵
bluesquare	🟦
blush	😊
boar	🐗
board	🎬
bolivia	🇧🇴
bolt	🔩
bomb	💣
bone	🦴
book	📚
bookmark	🔖
bookmarktabs	📑
books	📚
boomerang	🪃
boot	🥾
bored	🥱
bosnia	🇧🇦
bosniaherzegovina	🇧🇦
botswana	🇧🇼
bottle	🍼
bottlepoppingcork	🍾
bouncing	⛹️
bouquet	💐
bouvet	🇧🇻
bouvetisland	🇧🇻
bow	🏹
bowarrow	🏹
bowing	🙇
bowl	🍜
bowling	🎳
bowlspoon	🥣
boxing	🥊
boxingglove	🥊
boy	👦
brain	🧠
bravo	👏
brazil	🇧🇷
brazzaville	🇨🇬
bread	🍞
breakfast	🥞
breast	🤱
breastfeeding	🤱
brick	🧱
bridge	🌉
bridgenight	🌉
briefcase	💼
briefs	🩲
bright	🔆
brightbutton	🔆
british	🇻🇬
britishindian	🇮🇴
britishvirgin	🇻🇬
broccoli	🥦
broken	💔
brokenchain	⛓️‍💥
brokenheart	💔
broom	🧹
browncircle	🟤
brownheart	🤎
brownmushroom	🍄‍🟫
brownsquare	🟫
brunei	🇧🇳
bubbles	🫧
bubbletea	🧋
bucket	🪣
buffalo	🐃
bug	🐛
building	🏗️
buildingconstruction	🏗️
bulb	💡
bulgaria	🇧🇬
bullet	🚅
bullettrain	🚅
bullseye	🎯
bunny	👯
buoy	🛟
burger	🍔
burkina	🇧🇫
burkinafaso	🇧🇫
burma	🇲🇲
burn	🔥
burrito	🌯
burundi	🇧🇮
bus	🚌
business	🈺
businessbutton	🈺
busstop	🚏
bust	👤
busts	👥
bustsilhouette	👤
bustssilhouette	👥
butrelieved	😥
butter	🧈
butterfly	🦋
buttonbloodtype	🅰️
bye	👋
cab	🚗
cabinet	🗄️
cableway	🚠
cactus	🌵
cafe	☕
caicos	🇹🇨
caicosislands	🇹🇨
cake	🎂
caledonia	🇳🇨
calendar	📅
call	🤙
callme	🤙
callmehand	🤙
cambodia	🇰🇭
camera	📷
cameraflash	📸
cameroon	🇨🇲
camping	🏕️
canada	🇨🇦
canary	🇮🇨
canaryislands	🇮🇨
cancer	♋
candle	🕯️
candy	🍬
canned	🥫
cannedfood	🥫
canoe	🛶
cap	🎓
cape	🇨🇻
capeverde	🇨🇻
capped	🏔️
cappedmountain	🏔️
capricorn	♑
car	🚗
cardfile	🗃️
cardfilebox	🗃️
cardindexdividers	🗂️
cards	🎴
caribbean	🇧🇶
caribbeannetherlands	🇧🇶
carlight	🚨
carousel	🎠
carouselhorse	🎠
carp	🎏
carpentry	🪚
carpentrysaw	🪚
carpstreamer	🎏
carrot	🥕
cart	🛒
cartwheeling	🤸
cash	💰
castle	🏰
cat	🐱
catface	🐱
cattearsjoy	😹
catwrysmile	😼
cayman	🇰🇾
caymanislands	🇰🇾
central	🇨🇫
centralafrican	🇨🇫
ceremony	🎑
ceuta	🇪🇦
ceutamelilla	🇪🇦
chad	🇹🇩
chai	🍵
chain	⛓️‍💥
chains	⛓️
chair	🪑
champagne	🍾
charge	🈂️
chartdecreasing	📉
chartincreasingyen	💹
checkbox	☑️
checkboxcheck	☑️
checkmark	✅
checkmarkbutton	✅
cheese	🧀
cheesewedge	🧀
chequered	🏁
chequeredflag	🏁
cherries	🍒
cherry	🌸
cherryblossom	🌸
chess	♟️
chesspawn	♟️
chestnut	🌰
chick	🐣
chicken	🐔
child	🧒
children	🚸
childrencrossing	🚸
chile	🇨🇱
chili	🌶️
chilli	🌶️
chime	🎐
china	🇨🇳
chipmunk	🐿️
chocolate	🍫
chocolatebar	🍫
chopsticks	🥢
christmas	🎄
christmasisland	🇨🇽
christmastree	🎄
church	⛪
cigarette	🚬
cinema	🎦
circle	🔴
circled	Ⓜ️
circledm	Ⓜ️
circus	🎪
circustent	🎪
city	🇻🇦
cityscape	🏙️
cityscapedusk	🌆
claim	🛄
clamp	🗜️
clap	👏
clapper	🎬
clapperboard	🎬
clapping	👏
clappinghands	👏
classical	🏛️
classicalbuilding	🏛️
claus	🎅
clbutton	🆑
climbing	🧗
clinking	🥂
clinkingbeer	🍻
clinkingbeermugs	🍻
clinkingglasses	🥂
clipboard	📋
clipperton	🇨🇵
clippertonisland	🇨🇵
clock	⏰
clockwise	🔃
clockwisevertical	🔃
clockwiseverticalarrows	🔃
closedbook	📕
closedeyes	😚
closedmailboxloweredflag	📪
closedmailboxraisedflag	📫
closedumbrella	🌂
closet	🚾
clothes	👚
cloud	☁️
cloudlightning	🌩️
cloudlightningrain	⛈️
cloudrain	🌧️
clouds	😶‍🌫️
cloudsnow	🌨️
clover	🍀
clown	🤡
clownface	🤡
club	♣️
clubsuit	♣️
clutch	👝
clutchbag	👝
coaster	🎢
coat	🧥
cockroach	🪳
cocktail	🍸
cocktailglass	🍸
coconut	🥥
cocos	🇨🇨
cocoskeeling	🇨🇨
coffee	☕
coffin	⚰️
coin	🪙
coldface	🥶
collision	💥
colombia	🇨🇴
comoros	🇰🇲
compass	🧭
computer	💻
computerdisk	💽
computermouse	🖱️
confetti	🎊
confettiball	🎊
confounded	😖
confoundedface	😖
confused	😕
confusedface	😕
congo	🇨🇩
congobrazzaville	🇨🇬
congokinshasa	🇨🇩
congrats	🎉
congratulations	🎉
congratulationsbutton	㊗️
construction	🚧
control	🎛️
controlknobs	🎛️
convenience	🏪
conveniencestore	🏪
cook	🧑‍🍳
cooked	🍚
cookedrice	🍚
cookie	🍪
cooking	🍳
cookislands	🇨🇰
cool	😎
coolbutton	🆒
copyright	©️
coral	🪸
cork	🍾
corn	🌽
costa	🇨🇷
costarica	🇨🇷
couch	🛋️
couchlamp	🛋️
counterclockwise	🔄
counterclockwisearrows	🔄
coupleheart	💑
coupleheartmanman	👨‍❤️‍👨
coupleheartwomanman	👩‍❤️‍👨
coupleheartwomanwoman	👩‍❤️‍👩
cover	📔
cow	🐄
cowboy	🤠
cowboyhat	🤠
cowboyhatface	🤠
cowface	🐮
crab	🦀
cracker	🍘
crap	💩
crayon	🖍️
cream	🍨
credit	💳
creditcard	💳
cricket	🏏
cricketgame	🏏
croatia	🇭🇷
crocodile	🐊
croissant	🥐
crossbones	☠️
crossedfingers	🤞
crossedflags	🎌
crossedout	😵
crossedswords	⚔️
crossing	🚸
crossmark	❌
crossmarkbutton	❎
crown	👑
crutch	🩼
cry	😭
crying	😭
cryingcat	😿
cryingface	😢
crystal	🔮
crystalball	🔮
cte	🇨🇮
cuba	🇨🇺
cucumber	🥒
cunha	🇹🇦
cup	🥤
cupcake	🧁
cupstraw	🥤
cura	🇨🇼
curaao	🇨🇼
curl	📃
curling	🥌
curlingstone	🥌
currency	💱
currencyexchange	💱
curry	🍛
curryrice	🍛
curvingdown	⤵️
curvingleft	↩️
curvingright	↪️
curvingup	⤴️
custard	🍮
customs	🛃
cutmeat	🥩
cya	👋
cyclone	🌀
cyprus	🇨🇾
czechia	🇨🇿
dacunha	🇹🇦
dagger	🗡️
dancing	💃
dango	🍡
dash	〰️
dashing	💨
dashingaway	💨
david	✡️
dead	💀
deadline	⏰
deaf	🧏
deafman	🧏‍♂️
deafperson	🧏
deafwoman	🧏‍♀️
deciduous	🌳
deciduoustree	🌳
decoration	💟
decorative	📔
decorativecover	📔
decreasing	📉
deer	🦌
delis	⚜️
delivery	🚚
deliverytruck	🚚
denmark	🇩🇰
department	🏬
departmentstore	🏬
departure	🛫
derelict	🏚️
derelicthouse	🏚️
desert	🏜️
desertisland	🏝️
desktop	🖥️
desktopcomputer	🖥️
detective	🕵️
dharma	☸️
diagonal	🫤
diagonalmouth	🫤
diamond	💎
diamonddot	💠
diamondsuit	♦️
diego	🇩🇬
diegogarcia	🇩🇬
dim	🔅
dimbutton	🔅
dinner	🍽️
disappointed	😞
disappointedface	😞
disc	🥏
discount	🈹
discountbutton	🈹
disguised	🥸
disguisedface	🥸
dish	🧫
disk	💽
divide	➗
dividers	🗂️
diving	🤿
divingmask	🤿
divoire	🇨🇮
diwali	🪔
diya	🪔
diyalamp	🪔
dizzy	💫
djibouti	🇩🇯
dna	🧬
dodo	🦤
dog	🐶
dogface	🐶
doggo	🐶
doggy	🐶
dollar	💵
dollarbanknote	💵
dollarsign	💲
dolls	🎎
dolphin	🐬
dominica	🇩🇲
dominican	🇩🇴
dominicanrepublic	🇩🇴
done	✅
donkey	🫏
door	🚪
dot	💠
dotted	🫥
dottedline	🫥
dottedlineface	🫥
dottedsix	🔯
dottedsixpointedstar	🔯
double	➿
doublecurly	➿
doublecurlyloop	➿
doubleexclamation	‼️
doubleexclamationmark	‼️
doughnut	🍩
dove	🕊️
downbutton	⏬
downcast	😓
downcastface	😓
downcastfacesweat	😓
downface	🙃
downhand	🫳
downleft	↙️
downleftarrow	↙️
downright	↘️
downrightarrow	↘️
downwards	🔽
downwardsbutton	🔽
dragon	🐉
dragonface	🐲
dress	👗
drink	🍹
drooling	🤤
droolingface	🤤
drop	🩸
dropblood	🩸
droplet	💧
droplets	💦
drops	☔
drum	🥁
duck	🦆
dumpling	🥟
dunno	🤷
dusk	🌆
dvd	📀
eagle	🦅
ear	👂
earcorn	🌽
earhearingaid	🦻
ears	👯
ecuador	🇪🇨
egg	🥚
eggplant	🍆
eggs	🪺
egypt	🇪🇬
eighteen	🔞
eighto	🕗
eightoclock	🕗
eightpointed	✴️
eightpointedstar	✴️
eightspoked	✳️
eightspokedasterisk	✳️
eightthirty	🕣
eject	⏏️
ejectbutton	⏏️
electric	🔌
electricplug	🔌
elephant	🐘
elevator	🛗
eleven	🕦
eleveno	🕚
elevenoclock	🕚
eleventhirty	🕦
elf	🧝
elsalvador	🇸🇻
email	📧
emblem	🔱
emirates	🇦🇪
empty	🪹
emptynest	🪹
endarrow	🔚
engine	🚒
england	🏴󠁧󠁢󠁥󠁮󠁧󠁿
enraged	😡
enragedface	😡
entry	⛔
envelope	✉️
envelopearrow	📩
equals	🟰
equalssign	🟰
equatorial	🇬🇶
equatorialguinea	🇬🇶
eritrea	🇪🇷
espresso	☕
estonia	🇪🇪
eswatini	🇸🇿
ethiopia	🇪🇹
euro	💶
eurobanknote	💶
europe	🌍
europeafrica	🌍
european	🇪🇺
europeanunion	🇪🇺
evergreen	🌲
evergreentree	🌲
evil	🙈
ewe	🐑
exchange	💱
excited	🤩
exclamationquestion	⁉️
exclamationquestionmark	⁉️
exhaling	😮‍💨
exhausted	😴
exploding	🤯
explodinghead	🤯
expressionless	😑
expressionlessface	😑
extinguisher	🧯
eye	👁️
eyebrow	🤨
eyeroll	🙄
eyes	👀
eyespeechbubble	👁️‍🗨️
facebagsundereyes	🫩
faceblowing	😘
faceblowingkiss	😘
faceclouds	😶‍🌫️
facecrossedouteyes	😵
facediagonalmouth	🫤
faceexhaling	😮‍💨
facehandovermouth	🤭
faceheadbandage	🤕
faceholding	🥹
faceholdingbacktears	🥹
facemedicalmask	😷
facemonocle	🧐
faceopenmouth	😮
facepalm	🤦
facepalming	🤦
facepeekingeye	🫣
faceraisedeyebrow	🤨
facerollingeyes	🙄
facesavoring	😋
facesavoringfood	😋
facescreaming	😱
facescreamingfear	😱
facespiraleyes	😵‍💫
facesteamfromnose	😤
facesymbolsmouth	🤬
facetearsjoy	😂
facethermometer	🤒
facetongue	😛
facevomiting	🤮
facewithout	😶
facewithoutmouth	😶
facewithtearsofjoy	😂
facingbaby	🐥
facingup	📄
factory	🏭
fairy	🧚
falafel	🧆
falkland	🇫🇰
falklandislands	🇫🇰
fallenleaf	🍂
family	👪
familyadultadultchild	🧑‍🧑‍🧒
familyadultchild	🧑‍🧒
familyadultchildchild	🧑‍🧒‍🧒
familymanboy	👨‍👦
familymanboyboy	👨‍👦‍👦
familymangirl	👨‍👧
familymangirlboy	👨‍👧‍👦
familymangirlgirl	👨‍👧‍👧
familymanmanboy	👨‍👨‍👦
familymanmanboyboy	👨‍👨‍👦‍👦
familymanmangirl	👨‍👨‍👧
familymanmangirlboy	👨‍👨‍👧‍👦
familymanmangirlgirl	👨‍👨‍👧‍👧
familymanwomanboy	👨‍👩‍👦
familymanwomanboyboy	👨‍👩‍👦‍👦
familymanwomangirl	👨‍👩‍👧
familymanwomangirlboy	👨‍👩‍👧‍👦
familymanwomangirlgirl	👨‍👩‍👧‍👧
familywomanboy	👩‍👦
familywomanboyboy	👩‍👦‍👦
familywomangirl	👩‍👧
familywomangirlboy	👩‍👧‍👦
familywomangirlgirl	👩‍👧‍👧
familywomanwomanboy	👩‍👩‍👦
familywomanwomanboyboy	👩‍👩‍👦‍👦
familywomanwomangirl	👩‍👩‍👧
familywomanwomangirlboy	👩‍👩‍👧‍👦
familywomanwomangirlgirl	👩‍👩‍👧‍👧
fan	🪭
farmer	🧑‍🌾
faroe	🇫🇴
faroeislands	🇫🇴
faso	🇧🇫
fastdown	⏬
fastdownbutton	⏬
fastforward	⏩
fastforwardbutton	⏩
fastreverse	⏪
fastreversebutton	⏪
fastupbutton	⏫
fax	📠
faxmachine	📠
fear	😱
fearful	😨
fearfulface	😨
feather	🪶
female	♀️
femalesign	♀️
fencing	🤺
ferris	🎡
ferriswheel	🎡
ferry	⛴️
field	🏑
fieldhockey	🏑
fiji	🇫🇯
filebox	🗃️
filecabinet	🗄️
film	🎬
filmframes	🎞️
filmprojector	📽️
finger	🖕
fingerprint	🫆
fingers	🤌
fingerssplayed	🖐️
finland	🇫🇮
fire	🔥
firecracker	🧨
fireengine	🚒
fireextinguisher	🧯
firefighter	🧑‍🚒
fireworks	🎆
firstquartermoon	🌓
firstquartermoonface	🌛
fish	🐟
fishcake	🍥
fishcakeswirl	🍥
fishing	🎣
fishingpole	🎣
five	🕠
fiveo	🕔
fiveoclock	🕔
fivethirty	🕠
flagafghanistan	🇦🇫
flagalbania	🇦🇱
flagalgeria	🇩🇿
flagamerican	🇦🇸
flagamericansamoa	🇦🇸
flagandorra	🇦🇩
flagangola	🇦🇴
flaganguilla	🇦🇮
flagantarctica	🇦🇶
flagantigua	🇦🇬
flagantiguabarbuda	🇦🇬
flagargentina	🇦🇷
flagarmenia	🇦🇲
flagaruba	🇦🇼
flagascension	🇦🇨
flagascensionisland	🇦🇨
flagaustralia	🇦🇺
flagaustria	🇦🇹
flagazerbaijan	🇦🇿
flagbahamas	🇧🇸
flagbahrain	🇧🇭
flagbangladesh	🇧🇩
flagbarbados	🇧🇧
flagbelarus	🇧🇾
flagbelgium	🇧🇪
flagbelize	🇧🇿
flagbenin	🇧🇯
flagbermuda	🇧🇲
flagbhutan	🇧🇹
flagbolivia	🇧🇴
flagbosnia	🇧🇦
flagbosniaherzegovina	🇧🇦
flagbotswana	🇧🇼
flagbouvet	🇧🇻
flagbouvetisland	🇧🇻
flagbrazil	🇧🇷
flagbritishvirginislands	🇻🇬
flagbrunei	🇧🇳
flagbulgaria	🇧🇬
flagburkina	🇧🇫
flagburkinafaso	🇧🇫
flagburundi	🇧🇮
flagc	🇨🇮
flagcambodia	🇰🇭
flagcameroon	🇨🇲
flagcanada	🇨🇦
flagcanary	🇮🇨
flagcanaryislands	🇮🇨
flagcape	🇨🇻
flagcapeverde	🇨🇻
flagcaribbean	🇧🇶
flagcaribbeannetherlands	🇧🇶
flagcayman	🇰🇾
flagcaymanislands	🇰🇾
flagcentral	🇨🇫
flagceuta	🇪🇦
flagceutamelilla	🇪🇦
flagchad	🇹🇩
flagchile	🇨🇱
flagchina	🇨🇳
flagchristmas	🇨🇽
flagchristmasisland	🇨🇽
flagclipperton	🇨🇵
flagclippertonisland	🇨🇵
flagcocos	🇨🇨
flagcocoskeelingislands	🇨🇨
flagcolombia	🇨🇴
flagcomoros	🇰🇲
flagcongobrazzaville	🇨🇬
flagcongokinshasa	🇨🇩
flagcook	🇨🇰
flagcookislands	🇨🇰
flagcosta	🇨🇷
flagcostarica	🇨🇷
flagcroatia	🇭🇷
flagctedivoire	🇨🇮
flagcuba	🇨🇺
flagcura	🇨🇼
flagcuraao	🇨🇼
flagcyprus	🇨🇾
flagczechia	🇨🇿
flagdenmark	🇩🇰
flagdiego	🇩🇬
flagdiegogarcia	🇩🇬
flagdjibouti	🇩🇯
flagdominica	🇩🇲
flagdominican	🇩🇴
flagdominicanrepublic	🇩🇴
flagecuador	🇪🇨
flagegypt	🇪🇬
flagel	🇸🇻
flagelsalvador	🇸🇻
flagengland	🏴󠁧󠁢󠁥󠁮󠁧󠁿
flagequatorial	🇬🇶
flagequatorialguinea	🇬🇶
flageritrea	🇪🇷
flagestonia	🇪🇪
flageswatini	🇸🇿
flagethiopia	🇪🇹
flageuropean	🇪🇺
flageuropeanunion	🇪🇺
flagfalkland	🇫🇰
flagfalklandislands	🇫🇰
flagfaroe	🇫🇴
flagfaroeislands	🇫🇴
flagfiji	🇫🇯
flagfinland	🇫🇮
flagfrance	🇫🇷
flagfrenchguiana	🇬🇫
flagfrenchpolynesia	🇵🇫
flaggabon	🇬🇦
flaggambia	🇬🇲
flaggeorgia	🇬🇪
flaggermany	🇩🇪
flagghana	🇬🇭
flaggibraltar	🇬🇮
flaggreece	🇬🇷
flaggreenland	🇬🇱
flaggrenada	🇬🇩
flagguadeloupe	🇬🇵
flagguam	🇬🇺
flagguatemala	🇬🇹
flagguernsey	🇬🇬
flagguineabissau	🇬🇼
flagguyana	🇬🇾
flaghaiti	🇭🇹
flagheard	🇭🇲
flagheardmcdonaldislands	🇭🇲
flaghole	⛳
flaghonduras	🇭🇳
flaghong	🇭🇰
flaghongkongsarchina	🇭🇰
flaghungary	🇭🇺
flagiceland	🇮🇸
flagindia	🇮🇳
flagindonesia	🇮🇩
flagiran	🇮🇷
flagiraq	🇮🇶
flagireland	🇮🇪
flagisle	🇮🇲
flagisleman	🇮🇲
flagisrael	🇮🇱
flagitaly	🇮🇹
flagjamaica	🇯🇲
flagjapan	🇯🇵
flagjersey	🇯🇪
flagjordan	🇯🇴
flagkazakhstan	🇰🇿
flagkenya	🇰🇪
flagkiribati	🇰🇮
flagkosovo	🇽🇰
flagkuwait	🇰🇼
flagkyrgyzstan	🇰🇬
flagland	🇦🇽
flaglandislands	🇦🇽
flaglaos	🇱🇦
flaglatvia	🇱🇻
flaglebanon	🇱🇧
flaglesotho	🇱🇸
flagliberia	🇱🇷
flaglibya	🇱🇾
flagliechtenstein	🇱🇮
flaglithuania	🇱🇹
flagluxembourg	🇱🇺
flagmacao	🇲🇴
flagmacaosarchina	🇲🇴
flagmadagascar	🇲🇬
flagmalawi	🇲🇼
flagmalaysia	🇲🇾
flagmaldives	🇲🇻
flagmali	🇲🇱
flagmalta	🇲🇹
flagmarshall	🇲🇭
flagmarshallislands	🇲🇭
flagmartinique	🇲🇶
flagmauritania	🇲🇷
flagmauritius	🇲🇺
flagmayotte	🇾🇹
flagmexico	🇲🇽
flagmicronesia	🇫🇲
flagmoldova	🇲🇩
flagmonaco	🇲🇨
flagmongolia	🇲🇳
flagmontenegro	🇲🇪
flagmontserrat	🇲🇸
flagmorocco	🇲🇦
flagmozambique	🇲🇿
flagmyanmar	🇲🇲
flagmyanmarburma	🇲🇲
flagnamibia	🇳🇦
flagnauru	🇳🇷
flagnepal	🇳🇵
flagnetherlands	🇳🇱
flagnewcaledonia	🇳🇨
flagnewzealand	🇳🇿
flagnicaragua	🇳🇮
flagniger	🇳🇪
flagnigeria	🇳🇬
flagniue	🇳🇺
flagnorfolk	🇳🇫
flagnorfolkisland	🇳🇫
flagnorthern	🇲🇵
flagnorthkorea	🇰🇵
flagnorthmacedonia	🇲🇰
flagnorway	🇳🇴
flagoman	🇴🇲
flagpakistan	🇵🇰
flagpalau	🇵🇼
flagpalestinian	🇵🇸
flagpanama	🇵🇦
flagpapua	🇵🇬
flagpapuanewguinea	🇵🇬
flagparaguay	🇵🇾
flagperu	🇵🇪
flagphilippines	🇵🇭
flagpitcairn	🇵🇳
flagpitcairnislands	🇵🇳
flagpoland	🇵🇱
flagportugal	🇵🇹
flagpuerto	🇵🇷
flagpuertorico	🇵🇷
flagqatar	🇶🇦
flagr	🇷🇪
flagromania	🇷🇴
flagrunion	🇷🇪
flagrussia	🇷🇺
flagrwanda	🇷🇼
flags	🎌
flagsamoa	🇼🇸
flagsan	🇸🇲
flagsanmarino	🇸🇲
flagsark	🇨🇶
flagsaudi	🇸🇦
flagsaudiarabia	🇸🇦
flagscotland	🏴󠁧󠁢󠁳󠁣󠁴󠁿
flagsenegal	🇸🇳
flagserbia	🇷🇸
flagseychelles	🇸🇨
flagsierra	🇸🇱
flagsierraleone	🇸🇱
flagsingapore	🇸🇬
flagsint	🇸🇽
flagsintmaarten	🇸🇽
flagslovakia	🇸🇰
flagslovenia	🇸🇮
flagsolomon	🇸🇧
flagsolomonislands	🇸🇧
flagsomalia	🇸🇴
flagsotomprncipe	🇸🇹
flagsouthafrica	🇿🇦
flagsouthkorea	🇰🇷
flagsouthsudan	🇸🇸
flagspain	🇪🇸
flagsri	🇱🇰
flagsrilanka	🇱🇰
flagstbarthlemy	🇧🇱
flagsthelena	🇸🇭
flagstkittsnevis	🇰🇳
flagstlucia	🇱🇨
flagstmartin	🇲🇫
flagstpierremiquelon	🇵🇲
flagstvincentgrenadines	🇻🇨
flagsudan	🇸🇩
flagsuriname	🇸🇷
flagsvalbard	🇸🇯
flagsvalbardjanmayen	🇸🇯
flagsweden	🇸🇪
flagswitzerland	🇨🇭
flagsyria	🇸🇾
flagt	🇹🇷
flagtaiwan	🇹🇼
flagtajikistan	🇹🇯
flagtanzania	🇹🇿
flagthailand	🇹🇭
flagtimor	🇹🇱
flagtimorleste	🇹🇱
flagtogo	🇹🇬
flagtokelau	🇹🇰
flagtonga	🇹🇴
flagtrinidad	🇹🇹
flagtrinidadtobago	🇹🇹
flagtristan	🇹🇦
flagtristandacunha	🇹🇦
flagtrkiye	🇹🇷
flagtunisia	🇹🇳
flagturkmenistan	🇹🇲
flagturks	🇹🇨
flagturkscaicosislands	🇹🇨
flagtuvalu	🇹🇻
flaguganda	🇺🇬
flagukraine	🇺🇦
flagunitedarabemirates	🇦🇪
flagunitedkingdom	🇬🇧
flagunitednations	🇺🇳
flagunitedstates	🇺🇸
flaguruguay	🇺🇾
flagusoutlyingislands	🇺🇲
flagusvirginislands	🇻🇮
flaguzbekistan	🇺🇿
flagvanuatu	🇻🇺
flagvatican	🇻🇦
flagvaticancity	🇻🇦
flagvenezuela	🇻🇪
flagvietnam	🇻🇳
flagwales	🏴󠁧󠁢󠁷󠁬󠁳󠁿
flagwallis	🇼🇫
flagwallisfutuna	🇼🇫
flagwestern	🇪🇭
flagwesternsahara	🇪🇭
flagyemen	🇾🇪
flagzambia	🇿🇲
flagzimbabwe	🇿🇼
flame	🔥
flamingo	🦩
flash	📸
flashlight	🔦
flat	🥿
flatbread	🫓
flatshoe	🥿
fleur	⚜️
fleurde	⚜️
fleurdelis	⚜️
flex	💪
flexed	💪
flexedbiceps	💪
flight	✈️
floor	🤣
floorlaughing	🤣
floppy	💾
floppydisk	💾
flower	🌸
flowerplaying	🎴
flowerplayingcards	🎴
flushed	😳
flushedface	😳
flute	🪈
fluttering	🍃
fly	🪰
flying	🛸
flyingdisc	🥏
flyingsaucer	🛸
fog	🌫️
foggy	🌁
folded	🙏
foldedhands	🙏
folder	📁
folding	🪭
foldinghand	🪭
foldinghandfan	🪭
fondue	🫕
foot	🦶
football	⚽
footprints	👣
fork	🍴
forkknife	🍴
forkknifeplate	🍽️
fortune	🥠
fortunecookie	🥠
forward	⏩
forwardbutton	⏩
fountain	⛲
fountainpen	🖋️
four	🕟
fourleaf	🍀
fourleafclover	🍀
fouro	🕓
fouroclock	🕓
fourthirty	🕟
fox	🦊
framed	🖼️
framedpicture	🖼️
frames	🎞️
france	🇫🇷
freebutton	🆓
frenchfries	🍟
frenchguiana	🇬🇫
frenchpolynesia	🇵🇫
frenchsouthern	🇹🇫
fried	🍤
friedshrimp	🍤
fries	🍟
frog	🐸
fromnose	😤
frontfacing	🐥
frontfacingbabychick	🐥
frowning	☹️
frowningfaceopenmouth	😦
fruit	🥝
fuel	⛽
fuelpump	⛽
fuji	🗻
fullmoonface	🌝
funeral	⚱️
funeralurn	⚱️
funny	😂
futuna	🇼🇫
gabon	🇬🇦
gambia	🇬🇲
game	🎮
gamedie	🎲
gaming	🎮
garcia	🇩🇬
garden	🏡
garlic	🧄
gear	⚙️
gem	💎
gemini	♊
gemstone	💎
genie	🧞
georgia	🇬🇪
georgiasouth	🇬🇸
germany	🇩🇪
gesture	🤟
ghana	🇬🇭
ghost	👻
gibbous	🌔
gibraltar	🇬🇮
gift	🎁
ginger	🫚
gingerroot	🫚
giraffe	🦒
girl	👧
glasses	👓
glassmilk	🥛
globemeridians	🌐
globeshowingamericas	🌎
globeshowingeuropeafrica	🌍
glove	🥊
gloves	🧤
glowing	🌟
glowingstar	🌟
goal	🥅
goalnet	🥅
goat	🐐
goblin	👺
goggles	🥽
golfing	🏌️
goodbye	👋
goodnight	🌙
goose	🪿
gorilla	🦍
grade	🈴
gradebutton	🈴
graduation	🎓
graduationcap	🎓
grapes	🍇
greece	🇬🇷
greenapple	🍏
greenbook	📗
greencircle	🟢
greenheart	💚
greenland	🇬🇱
greensalad	🥗
greensquare	🟩
grenada	🇬🇩
grenadines	🇻🇨
grey	🩶
greyheart	🩶
grimace	😬
grimacing	😬
grimacingface	😬
grin	😄
grinning	😄
grinningcatsmilingeyes	😸
grinningface	😀
grinningfacebigeyes	😃
grinningfacesmilingeyes	😄
grinningfacesweat	😅
grinningsquinting	😆
grinningsquintingface	😆
ground	⛱️
growing	💗
growingheart	💗
guadeloupe	🇬🇵
guam	🇬🇺
guard	💂
guatemala	🇬🇹
guernsey	🇬🇬
guiana	🇬🇫
guide	🦮
guidedog	🦮
guineabissau	🇬🇼
guitar	🎸
guyana	🇬🇾
gym	🏋️
haha	😂
haircut	💇
hairpick	🪮
haiti	🇭🇹
halloween	🎃
halo	😇
hamburger	🍔
hammer	🔨
hammerpick	⚒️
hammerwrench	🛠️
hamsa	🪬
hamster	🐹
handbag	👜
handball	🤾
handfan	🪭
handfingerssplayed	🖐️
handle	🍵
handshake	🤝
hankey	💩
happy	😊
happyface	😊
harp	🪉
hat	🎩
hatching	🐣
hatchingchick	🐣
hatface	🤠
headbandage	🤕
headphone	🎧
headphones	🎧
headscarf	🧕
headshakinghorizontally	🙂‍↔️
headshakingvertically	🙂‍↕️
headstone	🪦
health	🧑‍⚕️
heardmcdonald	🇭🇲
hearing	🦻
hearingaid	🦻
hearnoevilmonkey	🙉
heart	❤️
heartarrow	💘
heartdecoration	💟
heartexclamation	❣️
hearteyes	😍
heartfire	❤️‍🔥
hearthands	🫶
heartman	👨‍❤️‍👨
heartribbon	💝
heartsuit	♥️
heavy	🟰
heavydollar	💲
heavydollarsign	💲
heavyequals	🟰
heavyequalssign	🟰
hedgehog	🦔
heeled	👠
heeledshoe	👠
hehe	😄
helena	🇸🇭
helicopter	🚁
hello	👋
helmet	🪖
herb	🌿
herebutton	🈁
herzegovina	🇧🇦
hey	👋
hi	👋
hibiscus	🌺
highheeled	👠
highheeledshoe	👠
highspeed	🚄
highspeedtrain	🚄
highvoltage	⚡
highvolume	🔊
hiking	🥾
hikingboot	🥾
hindu	🛕
hindutemple	🛕
hippopotamus	🦛
hockey	🏑
holdingback	🥹
hole	🕳️
holiday	✈️
hollow	⭕
hollowred	⭕
hollowredcircle	⭕
home	🏠
honduras	🇭🇳
honey	🍯
honeybee	🐝
honeypot	🍯
hong	🇭🇰
hongkong	🇭🇰
hook	🪝
hooray	🎉
horizontal	🚥
horizontally	🙂‍↔️
horizontaltraffic	🚥
horizontaltrafficlight	🚥
horn	📯
horns	😈
horse	🐎
horseface	🐴
horseracing	🏇
hospital	🏥
hotbeverage	☕
hotdog	🌭
hotel	🏨
hotface	🥵
hotpepper	🌶️
hotsprings	♨️
hourglass	⌛
hourglassdone	⌛
hourglassnot	⏳
hourglassnotdone	⏳
house	🏠
housegarden	🏡
houses	🏘️
howdy	👋
hug	🤗
hugging	🫂
hugs	🤗
hump	🐫
humpcamel	🐫
hundred	💯
hundredpoints	💯
hungary	🇭🇺
hungry	😋
hushed	😯
hushedface	😯
hut	🛖
hyacinth	🪻
ice	🧊
icecream	🍦
icehockey	🏒
iceland	🇮🇸
iceskate	⛸️
idbutton	🆔
idea	💡
identification	🪪
identificationcard	🪪
idk	🤷
ill	🤒
ily	❤️
inbox	📥
inboxtray	📥
incoming	📨
incomingenvelope	📨
increasing	📈
indexdividers	🗂️
indexfinger	🫰
indexpointingup	☝️
indexpointingviewer	🫵
india	🇮🇳
indian	🇮🇴
indianocean	🇮🇴
indonesia	🇮🇩
infinity	♾️
information	ℹ️
inputlatinletters	🔤
inputlatinlowercase	🔡
inputlatinuppercase	🔠
inputnumbers	🔢
inputsymbols	🔣
iphone	📱
iran	🇮🇷
iraq	🇮🇶
ireland	🇮🇪
isle	🇮🇲
israel	🇮🇱
italy	🇮🇹
ivoire	🇨🇮
jack	🎃
jacko	🎃
jackolantern	🎃
jamaica	🇯🇲
jan	🇸🇯
janmayen	🇸🇯
japan	🇯🇵
japaneseacceptable	🉑
japaneseacceptablebutton	🉑
japaneseapplication	🈸
japanesebargain	🉐
japanesebargainbutton	🉐
japanesecastle	🏯
japanesecongratulations	㊗️
japanesediscount	🈹
japanesediscountbutton	🈹
japanesedolls	🎎
japanesefree	🈚
japanesefreechargebutton	🈚
japanesehere	🈁
japaneseherebutton	🈁
japanesemonthly	🈷️
japaneseno	🈵
japanesenot	🈶
japanesenovacancybutton	🈵
japaneseopen	🈺
japanesepassing	🈴
japanesepost	🏣
japanesepostoffice	🏣
japaneseprohibited	🈲
japaneseprohibitedbutton	🈲
japanesereserved	🈯
japanesereservedbutton	🈯
japanesesecret	㊙️
japanesesecretbutton	㊙️
japaneseservice	🈂️
japanesesymbol	🔰
japanesesymbolbeginner	🔰
japanesevacancy	🈳
japanesevacancybutton	🈳
jar	🫙
jeans	👖
jellyfish	🪼
jersey	🇯🇪
joker	🃏
jordan	🇯🇴
joy	😂
joystick	🕹️
judge	🧑‍⚖️
juggling	🤹
kaaba	🕋
kangaroo	🦘
kazakhstan	🇰🇿
keeling	🇨🇨
keelingislands	🇨🇨
kenya	🇰🇪
keyboard	⌨️
keycap	#️⃣
khanda	🪯
kick	🛴
kickscooter	🛴
kimono	👘
kingdom	🇬🇧
kinshasa	🇨🇩
kiribati	🇰🇮
kiss	😘
kissing	😗
kissingcat	😽
kissingfaceclosedeyes	😚
kissingfacesmilingeyes	😙
kissman	👨‍❤️‍💋‍👨
kissmanman	👨‍❤️‍💋‍👨
kissmark	💋
kisswomanman	👩‍❤️‍💋‍👨
kisswomanwoman	👩‍❤️‍💋‍👩
kitchen	🔪
kitchenknife	🔪
kite	🪁
kitten	🐱
kitts	🇰🇳
kittsnevis	🇰🇳
kitty	🐱
kiwi	🥝
kiwifruit	🥝
knife	🔪
knobs	🎛️
knot	🪢
koala	🐨
kong	🇭🇰
kongsar	🇭🇰
korea	🇰🇵
kosovo	🇽🇰
kuwait	🇰🇼
kyrgyzstan	🇰🇬
lab	🥼
labcoat	🥼
label	🏷️
lacrosse	🥍
ladder	🪜
lady	🐞
ladybeetle	🐞
lamp	🪔
land	🇦🇽
landislands	🇦🇽
lanka	🇱🇰
lantern	🎃
laos	🇱🇦
laptop	💻
largeblue	🔷
largebluediamond	🔷
largecloud	🌥️
largeorange	🔶
largeorangediamond	🔶
lastquartermoon	🌗
lastquartermoonface	🌜
lasttrack	⏮️
lasttrackbutton	⏮️
latincross	✝️
latinletters	🔤
latinlowercase	🔡
latinuppercase	🔠
latte	☕
latvia	🇱🇻
laugh	😂
laughing	😂
laughingcrying	😂
launch	🚀
leafclover	🍀
leaffluttering	🍃
leafflutteringwind	🍃
leafless	🪾
leaflesstree	🪾
leafy	🥬
leafygreen	🥬
lebanon	🇱🇧
ledger	📒
leftarrowcurvingright	↪️
leftfacing	🤛
leftfacingfist	🤛
leftluggage	🛅
leftright	↔️
leftrightarrow	↔️
leftspeech	🗨️
leftspeechbubble	🗨️
leftwards	🫲
leftwardshand	🫲
leftwardspushing	🫷
leftwardspushinghand	🫷
leg	🦵
lemon	🍋
lemy	🇧🇱
leo	♌
leone	🇸🇱
leopard	🐆
lesotho	🇱🇸
leste	🇹🇱
letter	💌
letters	🔤
level	🎚️
levelslider	🎚️
levitating	🕴️
liberia	🇱🇷
liberty	🗽
libra	♎
libya	🇱🇾
liechtenstein	🇱🇮
lifting	🏋️
lightblue	🩵
lightblueheart	🩵
lightbulb	💡
lightning	🌩️
lightrail	🚈
lime	🍋‍🟩
line	🫥
lineface	🫥
link	🔗
linked	🖇️
linkedpaperclips	🖇️
lion	🦁
lip	🫦
lipstick	💄
liquid	🫗
lis	⚜️
lit	🔥
lithuania	🇱🇹
litter	🚮
litterbinsign	🚮
littering	🚯
lizard	🦎
llama	🦙
lmao	🤣
lobster	🦞
locked	🔒
lockedkey	🔐
lockedpen	🔏
locomotive	🚂
lol	😂
lollipop	🍭
longdrum	🪘
loop	➰
lorry	🚛
lotion	🧴
lotionbottle	🧴
lotus	🪷
loudly	😭
loudlycrying	😭
loudlycryingface	😭
loudspeaker	📢
love	❤️
loved	❤️
lovehotel	🏩
loveletter	💌
loveyou	🤟
loveyougesture	🤟
lowbattery	🪫
lowercase	🔡
lowered	📪
lowvolume	🔈
lucia	🇱🇨
luggage	🧳
lunch	🍽️
lungs	🫁
luxembourg	🇱🇺
lying	🤥
lyingface	🤥
maarten	🇸🇽
macao	🇲🇴
macaosar	🇲🇴
macedonia	🇲🇰
machine	🎰
mad	😠
madagascar	🇲🇬
mage	🧙
magic	🪄
magicwand	🪄
magnet	🧲
magnifying	🔍
mahjong	🀄
mahjongred	🀄
mahjongreddragon	🀄
mail	📧
malawi	🇲🇼
malaysia	🇲🇾
maldives	🇲🇻
male	♂️
malesign	♂️
mali	🇲🇱
malta	🇲🇹
mammoth	🦣
man	👨
manartist	👨‍🎨
manastronaut	👨‍🚀
manbald	👨‍🦲
manbeard	🧔‍♂️
manbiking	🚴‍♂️
manblond	👱‍♂️
manblondhair	👱‍♂️
manbouncing	⛹️‍♂️
manbouncingball	⛹️‍♂️
manbowing	🙇‍♂️
mancartwheeling	🤸‍♂️
manclimbing	🧗‍♂️
manconstruction	👷‍♂️
manconstructionworker	👷‍♂️
mancook	👨‍🍳
mancurly	👨‍🦱
mancurlyhair	👨‍🦱
mandancing	🕺
mandetective	🕵️‍♂️
manelf	🧝‍♂️
manfacepalming	🤦‍♂️
manfactory	👨‍🏭
manfactoryworker	👨‍🏭
manfairy	🧚‍♂️
manfarmer	👨‍🌾
manfeeding	👨‍🍼
manfeedingbaby	👨‍🍼
manfirefighter	👨‍🚒
manfrowning	🙍‍♂️
mangenie	🧞‍♂️
mangesturingno	🙅‍♂️
mangesturingok	🙆‍♂️
mangettinghaircut	💇‍♂️
mangettingmassage	💆‍♂️
mango	🥭
mangolfing	🏌️‍♂️
manguard	💂‍♂️
manhealth	👨‍⚕️
manhealthworker	👨‍⚕️
manholding	👫
manjudge	👨‍⚖️
manjuggling	🤹‍♂️
mankneelingfacingright	🧎‍♂️‍➡️
manlifting	🏋️‍♂️
manliftingweights	🏋️‍♂️
manlotusposition	🧘‍♂️
manmage	🧙‍♂️
manmanualwheelchair	👨‍🦽
manmechanic	👨‍🔧
manmotorizedwheelchair	👨‍🦼
manmountain	🚵‍♂️
manmountainbiking	🚵‍♂️
manoffice	👨‍💼
manofficeworker	👨‍💼
manpilot	👨‍✈️
manplayinghandball	🤾‍♂️
manplayingwaterpolo	🤽‍♂️
manpolice	👮‍♂️
manpoliceofficer	👮‍♂️
manpouting	🙎‍♂️
manraising	🙋‍♂️
manraisinghand	🙋‍♂️
manred	👨‍🦰
manredhair	👨‍🦰
manrowing	🚣‍♂️
manrowingboat	🚣‍♂️
manrunningfacingright	🏃‍♂️‍➡️
mans	👞
manscientist	👨‍🔬
manshrugging	🤷‍♂️
mansinger	👨‍🎤
mansshoe	👞
manstanding	🧍‍♂️
mansteamyroom	🧖‍♂️
manstudent	👨‍🎓
mansuperhero	🦸‍♂️
mansupervillain	🦹‍♂️
mansurfing	🏄‍♂️
manswimming	🏊‍♂️
manteacher	👨‍🏫
mantechnologist	👨‍💻
mantelpiece	🕰️
mantelpiececlock	🕰️
mantipping	💁‍♂️
mantippinghand	💁‍♂️
mantuxedo	🤵‍♂️
manvampire	🧛‍♂️
manveil	👰‍♂️
manwalkingfacingright	🚶‍♂️‍➡️
manwearing	👳‍♂️
manwearingturban	👳‍♂️
manwhite	👨‍🦳
manwhitecane	👨‍🦯
manwhitecanefacingright	👨‍🦯‍➡️
manwhitehair	👨‍🦳
manzombie	🧟‍♂️
map	🗺️
mapjapan	🗾
maple	🍁
mapleleaf	🍁
maracas	🪇
mariana	🇲🇵
marianaislands	🇲🇵
marino	🇸🇲
marshall	🇲🇭
marshallislands	🇲🇭
martial	🥋
martialarts	🥋
martialartsuniform	🥋
martin	🇲🇫
martinique	🇲🇶
mask	🤿
massage	💆
mate	🧉
mauritania	🇲🇷
mauritius	🇲🇺
mayen	🇸🇯
mayotte	🇾🇹
mcdonald	🇭🇲
mcdonaldislands	🇭🇲
meat	🍖
meatbone	🍖
mechanic	🧑‍🔧
mechanical	🦾
mechanicalarm	🦾
mechanicalleg	🦿
medal	🥇
medical	⚕️
medicalmask	😷
medicalsymbol	⚕️
mediumvolume	🔉
meeting	🗓️
megaphone	📣
meh	😐
mehand	🤙
melilla	🇪🇦
melon	🍈
melting	🫠
meltingface	🫠
memo	📝
menbunnyears	👯‍♂️
mending	❤️‍🩹
mendingheart	❤️‍🩹
menholding	👬
menholdinghands	👬
menorah	🕎
mens	🚹
mensroom	🚹
menwrestling	🤼‍♂️
meow	🐱
meridians	🌐
mermaid	🧜‍♀️
merman	🧜‍♂️
merperson	🧜
metro	🚇
mexico	🇲🇽
microbe	🦠
micronesia	🇫🇲
microphone	🎤
microscope	🔬
middle	🖕
middlefinger	🖕
military	🪖
militaryhelmet	🪖
militarymedal	🎖️
milk	🥛
milky	🌌
milkyway	🌌
mindblown	🤯
minibus	🚐
minus	➖
miquelon	🇵🇲
mirror	🪞
mirrorball	🪩
moai	🗿
mobile	📱
mobilephonearrow	📲
mobilephoneoff	📴
mobilephones	📵
mode	📳
moldova	🇲🇩
monaco	🇲🇨
money	💰
moneybag	💰
moneymouth	🤑
moneymouthface	🤑
moneywings	💸
mongolia	🇲🇳
monkey	🐒
monkeyface	🐵
monocle	🧐
monorail	🚝
monster	👾
montenegro	🇲🇪
monthly	🈷️
monthlyamount	🈷️
montserrat	🇲🇸
moon	🌙
mooncake	🥮
moonviewing	🎑
moonviewingceremony	🎑
moose	🫎
morocco	🇲🇦
mosque	🕌
mosquito	🦟
motor	🛵
motorboat	🛥️
motorcycle	🏍️
motorscooter	🛵
motorway	🛣️
mount	🗻
mountain	⛰️
mountaincableway	🚠
mountainrailway	🚞
mountains	🌄
mountfuji	🗻
mouse	🐁
mouseface	🐭
mousetrap	🪤
mouth	👄
movie	🎬
moviecamera	🎥
mozambique	🇲🇿
mrs	🤶
mrsclaus	🤶
mug	🍺
mugs	🍻
multiply	✖️
muscle	💪
mushroom	🍄
music	🎵
musicalkeyboard	🎹
musicalnote	🎵
musicalnotes	🎶
musicalscore	🎼
muted	🔇
mutedspeaker	🔇
mxclaus	🧑‍🎄
myanmar	🇲🇲
myanmarburma	🇲🇲
nail	💅
nailpolish	💅
name	📛
namebadge	📛
namibia	🇳🇦
nap	😴
national	🏞️
nationalpark	🏞️
nations	🇺🇳
nauru	🇳🇷
nauseated	🤢
nauseatedface	🤢
nazar	🧿
nazaramulet	🧿
ncipe	🇸🇹
necktie	👔
needle	🪡
nepal	🇳🇵
nerd	🤓
nerdface	🤓
nervous	😰
nest	🪹
nesteggs	🪺
nesting	🪆
nestingdolls	🪆
net	🥅
netherlands	🇳🇱
neutral	😐
neutralface	😐
nevis	🇰🇳
newbutton	🆕
newcaledonia	🇳🇨
newguinea	🇵🇬
newmoonface	🌚
newspaper	📰
newzealand	🇳🇿
nexttrack	⏭️
nexttrackbutton	⏭️
ngbutton	🆖
nib	✒️
nicaragua	🇳🇮
nice	👍
niger	🇳🇪
nigeria	🇳🇬
night	🌃
nightstars	🌃
nine	🕤
nineo	🕘
nineoclock	🕘
ninethirty	🕤
ninja	🥷
nite	🌙
niue	🇳🇺
nobicycles	🚳
noentry	⛔
nolittering	🚯
nomobile	📵
nomobilephones	📵
non	🚱
nonpotable	🚱
nonpotablewater	🚱
noone	🔞
nooneundereighteen	🔞
nopedestrians	🚷
norfolk	🇳🇫
norfolkisland	🇳🇫
north	🇰🇵
northern	🇲🇵
northernmariana	🇲🇵
northkorea	🇰🇵
northmacedonia	🇲🇰
norway	🇳🇴
nose	👃
nosmoking	🚭
notdone	⏳
note	🎵
notebook	📓
notebookdecorativecover	📔
notepad	🗒️
notes	🎶
notfree	🈶
novacancy	🈵
numbers	🔢
nut	🔩
nutbolt	🔩
obutton	🅾️
obuttonbloodtype	🅾️
ocean	🇮🇴
oceanterritory	🇮🇴
octopus	🐙
oden	🍢
offcalendar	📆
office	🏢
officebuilding	🏢
officer	👮
ogre	👹
oil	🛢️
oildrum	🛢️
ok	👌
okay	👌
okbutton	🆗
okhand	👌
olantern	🎃
older	🧓
olderperson	🧓
oldkey	🗝️
oldman	👴
oldwoman	👵
olive	🫒
oman	🇴🇲
omg	😱
oncomingautomobile	🚘
oncomingbus	🚍
oncomingfist	👊
oncomingpolice	🚔
oncomingpolicecar	🚔
oncomingtaxi	🚖
onehundred	💯
oneo	🕐
oneoclock	🕐
onepiece	🩱
onepieceswimsuit	🩱
onethirty	🕜
oneunder	🔞
onion	🧅
oops	🙈
openbook	📖
openeyes	🫢
openfile	📂
openfilefolder	📂
openhands	👐
openmailboxloweredflag	📭
openmailboxraisedflag	📬
ophiuchus	⛎
optical	💿
opticaldisk	💿
orangebook	📙
orangecircle	🟠
orangeheart	🧡
orangesquare	🟧
orangutan	🦧
orthodox	☦️
orthodoxcross	☦️
otom	🇸🇹
otter	🦦
outbox	📤
outboxtray	📤
outeyes	😵
outlying	🇺🇲
outlyingislands	🇺🇲
overmountains	🌄
owl	🦉
oyster	🦪
package	📦
pagecurl	📃
pagefacing	📄
pagefacingup	📄
paintbrush	🖌️
pakistan	🇵🇰
palau	🇵🇼
palestinian	🇵🇸
palestinianterritories	🇵🇸
palette	🎨
palm	🌴
palmdown	🫳
palmdownhand	🫳
palms	🤲
palmsup	🤲
palmsuptogether	🤲
palmtree	🌴
palmup	🫴
palmuphand	🫴
pan	🥘
panama	🇵🇦
pancakes	🥞
panda	🐼
paper	🏮
paperclip	📎
paperclips	🖇️
paperlantern	🏮
papua	🇵🇬
papuanew	🇵🇬
parachute	🪂
paraguay	🇵🇾
park	🏞️
parrot	🦜
part	〽️
partalternation	〽️
partalternationmark	〽️
party	🎉
partying	🥳
partyingface	🥳
partypopper	🎉
passenger	🛳️
passengership	🛳️
passing	🈴
passinggrade	🈴
passport	🛂
passportcontrol	🛂
pause	⏸️
paw	🐾
pawn	♟️
pawprints	🐾
pbutton	🅿️
pea	🫛
peace	☮️
peacesymbol	☮️
peach	🍑
peacock	🦚
peanuts	🥜
peapod	🫛
pear	🍐
pedestrians	🚷
peeking	🫣
peekingeye	🫣
pen	🖊️
pencil	✏️
penguin	🐧
pensive	😔
pensiveface	😔
peoplebunnyears	👯
peopleholding	🧑‍🤝‍🧑
peopleholdinghands	🧑‍🤝‍🧑
peoplehugging	🫂
peoplewrestling	🤼
pepper	🫑
perfect	👌
performing	🎭
performingarts	🎭
persevering	😣
perseveringface	😣
person	🧑
personbald	🧑‍🦲
personbeard	🧔
personbed	🛌
personbiking	🚴
personblond	👱
personblondhair	👱
personbouncing	⛹️
personbouncingball	⛹️
personbowing	🙇
personcartwheeling	🤸
personclimbing	🧗
personcrown	🫅
personcurly	🧑‍🦱
personcurlyhair	🧑‍🦱
personfacepalming	🤦
personfeeding	🧑‍🍼
personfeedingbaby	🧑‍🍼
personfencing	🤺
personfrowning	🙍
persongesturingno	🙅
persongesturingok	🙆
persongettinghaircut	💇
persongettingmassage	💆
persongolfing	🏌️
personjuggling	🤹
personlifting	🏋️
personliftingweights	🏋️
personlotusposition	🧘
personmanualwheelchair	🧑‍🦽
personmountain	🚵
personmountainbiking	🚵
personplayinghandball	🤾
personplayingwaterpolo	🤽
personpouting	🙎
personraising	🙋
personraisinghand	🙋
personred	🧑‍🦰
personredhair	🧑‍🦰
personrowing	🚣
personrowingboat	🚣
personrunningfacingright	🏃‍➡️
personshrugging	🤷
personskullcap	👲
personstanding	🧍
personsteamyroom	🧖
personsuitlevitating	🕴️
personsurfing	🏄
personswimming	🏊
persontaking	🛀
persontakingbath	🛀
persontipping	💁
persontippinghand	💁
persontuxedo	🤵
personveil	👰
personwalkingfacingright	🚶‍➡️
personwearing	👳
personwearingturban	👳
personwhite	🧑‍🦳
personwhitecane	🧑‍🦯
personwhitehair	🧑‍🦳
peru	🇵🇪
petri	🧫
petridish	🧫
philippines	🇵🇭
phoenix	🐦‍🔥
phone	📱
phoneoff	📴
phones	📵
photo	📷
piata	🪅
pic	📷
pick	⛏️
pickup	🛻
pickuptruck	🛻
picture	🖼️
pie	🥧
piece	🧩
pieceswimsuit	🩱
pierre	🇵🇲
pierremiquelon	🇵🇲
pig	🐖
pigface	🐷
pignose	🐽
pile	💩
pilepoo	💩
pill	💊
pilot	🧑‍✈️
pin	🧷
pinched	🤌
pinchedfingers	🤌
pinching	🤏
pinchinghand	🤏
pine	🎍
pineapple	🍍
pinedecoration	🎍
ping	🏓
pingpong	🏓
pink	🩷
pinkheart	🩷
pirate	🏴‍☠️
pirateflag	🏴‍☠️
pisces	♓
pissed	😠
pistol	🔫
pitcairn	🇵🇳
pitcairnislands	🇵🇳
pizza	🍕
placard	🪧
placeworship	🛐
plane	✈️
planet	🪐
plant	🪴
plate	🍽️
playbutton	▶️
playground	🛝
playgroundslide	🛝
playingcards	🎴
playpausebutton	⏯️
pleading	🥺
pleadingface	🥺
please	🙏
pls	🙏
plug	🔌
plunger	🪠
plus	➕
pod	🫛
pointeddown	🔻
pointedup	🔺
pointingdown	👇
pointingleft	👈
pointingright	👉
points	💯
poland	🇵🇱
polar	🐻‍❄️
polarbear	🐻‍❄️
pole	💈
policecarlight	🚨
polish	💅
polo	🤽
polynesia	🇵🇫
pong	🏓
poo	💩
poodle	🐩
pool	🎱
poop	💩
popcorn	🍿
popper	🎉
popping	🍾
poppingcork	🍾
portugal	🇵🇹
position	🧘
post	🏤
postal	📯
postalhorn	📯
postbox	📮
pot	🍯
potable	🚰
potato	🥔
potfood	🍲
potted	🪴
pottedplant	🪴
poultry	🍗
poultryleg	🍗
pound	💷
poundbanknote	💷
pouring	🫗
pouringliquid	🫗
poutingcat	😾
pray	🙏
prayer	📿
prayerbeads	📿
prayers	🙏
prayinghands	🙏
pregnant	🤰
pregnantman	🫃
pregnantperson	🫄
pregnantwoman	🤰
present	🎁
pretzel	🥨
prince	🤴
princess	👸
printer	🖨️
prints	🐾
prncipe	🇸🇹
prohibited	🚫
prohibitedbutton	🈲
projector	📽️
puerto	🇵🇷
puertorico	🇵🇷
pump	⛽
pup	🐶
puppy	🐶
purple	💜
purplecircle	🟣
purpleheart	💜
purplesquare	🟪
purse	👛
pushing	🫷
pushpin	📌
puzzle	🧩
puzzlepiece	🧩
qatar	🇶🇦
question	❓
rabbit	🐇
rabbitface	🐰
raccoon	🦝
racing	🏎️
racingcar	🏎️
radio	📻
radioactive	☢️
radiobutton	🔘
rage	😡
rail	🚈
railwaycar	🚃
railwaytrack	🛤️
rain	🌧️
rainbow	🌈
rainbowflag	🏳️‍🌈
raincloud	🌦️
raindrops	☔
rainy	🌧️
raisedback	🤚
raisedbackhand	🤚
raisedeyebrow	🤨
raisedfist	✊
raisedhand	✋
raisedhands	🙌
raisinghands	🙌
ram	🐏
rat	🐀
ray	🩻
razor	🪒
reading	📚
receipt	🧾
receiver	📞
record	⏺️
recordbutton	⏺️
recycling	♻️
recyclingsymbol	♻️
redapple	🍎
reddragon	🀄
redenvelope	🧧
redexclamation	❗
redexclamationmark	❗
redheart	❤️
redpaper	🏮
redpaperlantern	🏮
redquestion	❓
redquestionmark	❓
redsquare	🟥
redtrianglepointeddown	🔻
redtrianglepointedup	🔺
registered	®️
relieved	😌
reminder	🎗️
reminderribbon	🎗️
repeat	🔁
repeatbutton	🔁
repeatsingle	🔂
repeatsinglebutton	🔂
republic	🇩🇴
rescue	⛑️
rescueworker	⛑️
rescueworkershelmet	⛑️
reserved	🈯
reservedbutton	🈯
restroom	🚻
reverse	◀️
revolving	💞
revolvinghearts	💞
rex	🦖
rhinoceros	🦏
ribbon	🎀
rica	🇨🇷
riceball	🍙
ricecracker	🍘
rickshaw	🛺
rico	🇵🇷
rightanger	🗯️
rightangerbubble	🗯️
rightarrowcurvingdown	⤵️
rightarrowcurvingleft	↩️
rightarrowcurvingup	⤴️
rightfacing	🤜
rightfacingfist	🤜
rightwards	🫱
rightwardshand	🫱
rightwardspushing	🫸
rightwardspushinghand	🫸
ring	💍
ringbuoy	🛟
ringed	🪐
ringedplanet	🪐
rkiye	🇹🇷
roasted	🍠
roastedsweet	🍠
roastedsweetpotato	🍠
robot	🤖
rock	🪨
rocket	🚀
rofl	🤣
roll	🧻
rolled	🗞️
rolledup	🗞️
rolledupnewspaper	🗞️
roller	🎢
rollercoaster	🎢
rollerskate	🛼
rolling	🙄
rollingeyes	🙄
rollingfloorlaughing	🤣
rollingonthefloorlaughing	🤣
rollpaper	🧻
romania	🇷🇴
rooster	🐓
root	🫜
rootvegetable	🫜
rose	🌹
rosette	🏵️
round	📍
roundpushpin	📍
rowing	🚣
rugby	🏉
rugbyfootball	🏉
ruler	📏
runion	🇷🇪
running	🏃
runningshirt	🎽
runningshoe	👟
russia	🇷🇺
rwanda	🇷🇼
sad	😢
sadbut	😥
sadbutrelievedface	😥
sadface	😢
safety	🦺
safetypin	🧷
safetyvest	🦺
sagittarius	♐
sahara	🇪🇭
sailboat	⛵
sake	🍶
salad	🥗
salary	💰
salt	🧂
salute	🖖
saluting	🫡
salutingface	🫡
salvador	🇸🇻
samoa	🇼🇸
san	🇸🇲
sandal	🩴
sandwich	🥪
sandwichislands	🇬🇸
sanmarino	🇸🇲
santa	🎅
santaclaus	🎅
sar	🇲🇴
sari	🥻
sark	🇨🇶
satellite	🛰️
satelliteantenna	📡
saucer	🛸
saudi	🇸🇦
saudiarabia	🇸🇦
sauropod	🦕
savoring	😋
savoringfood	😋
saw	🪚
saxophone	🎷
sboot	👢
scale	⚖️
scared	😱
scarf	🧣
school	🏫
scientist	🧑‍🔬
scissors	✂️
sclothes	👚
scooter	🛵
score	🎼
scorpio	♏
scorpion	🦂
scotland	🏴󠁧󠁢󠁳󠁣󠁴󠁿
scream	😱
screaming	😱
screwdriver	🪛
scroll	📜
seal	🦭
seat	💺
secret	㊙️
secretbutton	㊙️
seedling	🌱
seenoevilmonkey	🙈
selfie	🤳
senegal	🇸🇳
serbia	🇷🇸
service	🐕‍🦺
servicecharge	🈂️
servicedog	🐕‍🦺
seven	🕢
seveno	🕖
sevenoclock	🕖
seventhirty	🕢
sewing	🪡
sewingneedle	🪡
seychelles	🇸🇨
shaking	🫨
shakingface	🫨
shakinghorizontally	🙂‍↔️
shakingvertically	🙂‍↕️
shallow	🥘
shallowpan	🥘
shallowpanfood	🥘
shamrock	☘️
shark	🦈
shat	👒
shaved	🍧
shavedice	🍧
sheaf	🌾
sheafrice	🌾
shell	🐚
shelmet	⛑️
shield	🛡️
shinto	⛩️
shintoshrine	⛩️
ship	🚢
shirt	🎽
shit	💩
shocked	😱
shoes	🩰
shooting	🌠
shootingstar	🌠
shopping	🛒
shoppingbags	🛍️
shoppingcart	🛒
shortcake	🍰
shovel	🪏
showing	🌎
showingamericas	🌎
showingasia	🌏
showingeurope	🌍
shrimp	🦐
shrine	⛩️
shrug	🤷
shrugging	🤷
shuffle	🔀
shuffletracks	🔀
shuffletracksbutton	🔀
shushing	🤫
shushingface	🤫
shy	😊
sick	🤒
sierra	🇸🇱
sierraleone	🇸🇱
signhorns	🤘
silhouette	👤
singapore	🇸🇬
singer	🧑‍🎤
single	🔂
singlebutton	🔂
sint	🇸🇽
sintmaarten	🇸🇽
six	🕡
sixo	🕕
sixoclock	🕕
sixpointed	🔯
sixthirty	🕡
skate	🛼
skateboard	🛹
skier	⛷️
skiing	⛷️
skis	🎿
skull	💀
skullcap	👲
skullcrossbones	☠️
skunk	🦨
slash	🔕
sled	🛷
sleep	😴
sleeping	😴
sleepingface	😴
sleepy	😴
sleepyface	😪
slide	🛝
slider	🎚️
slightly	🙂
slightlyfrowning	🙁
slightlyfrowningface	🙁
slightlysmiling	🙂
slightlysmilingface	🙂
slot	🎰
sloth	🦥
slotmachine	🎰
slovakia	🇸🇰
slovenia	🇸🇮
smallairplane	🛩️
smallblue	🔹
smallbluediamond	🔹
smallcloud	🌤️
smallorange	🔸
smallorangediamond	🔸
smh	🤦
smile	😊
smiley	😃
smileyface	🙂
smiling	😊
smilingcat	😻
smilingcathearteyes	😻
smilingface	🙂
smilingfacehalo	😇
smilingfacehearteyes	😍
smilingfacehearts	🥰
smilingfacehorns	😈
smilingfaceopenhands	🤗
smilingfacesmilingeyes	😊
smilingfacesunglasses	😎
smilingfacetear	🥲
smirk	😏
smirking	😏
smirkingface	😏
smoking	🚭
snack	🍿
snail	🐌
snake	🐍
sneezing	🤧
sneezingface	🤧
snow	❄️
snowboarder	🏂
snowboarding	🏂
snowcapped	🏔️
snowcappedmountain	🏔️
snowflake	❄️
snowman	☃️
snowmanwithout	⛄
snowmanwithoutsnow	⛄
soap	🧼
sob	😭
sobbing	😭
soccer	⚽
soccerball	⚽
socks	🧦
soft	🍦
softball	🥎
softice	🍦
softicecream	🍦
solomon	🇸🇧
solomonislands	🇸🇧
somalia	🇸🇴
song	🎵
soon	🔜
soonarrow	🔜
sorry	😔
sos	🆘
sosbutton	🆘
southafrica	🇿🇦
southern	🇹🇫
southernterritories	🇹🇫
southgeorgia	🇬🇸
southkorea	🇰🇷
southsandwich	🇬🇸
southsudan	🇸🇸
soutlying	🇺🇲
spade	♠️
spadesuit	♠️
spaghetti	🍝
spain	🇪🇸
sparkle	❇️
sparkler	🎇
sparkles	✨
sparkling	💖
sparklingheart	💖
speakerhigh	🔊
speakerhighvolume	🔊
speakerlow	🔈
speakerlowvolume	🔈
speakermedium	🔉
speakermediumvolume	🔉
speaking	🗣️
speakinghead	🗣️
speaknoevilmonkey	🙊
speech	💬
speechballoon	💬
speed	🚄
speedboat	🚤
speedtrain	🚄
spider	🕷️
spiderweb	🕸️
spiralcalendar	🗓️
spiraleyes	😵‍💫
spiralnotepad	🗒️
spiralshell	🐚
splatter	🫟
splayed	🖐️
spoked	✳️
spokedasterisk	✳️
sponge	🧽
spooky	👻
spoon	🥄
sport	🚙
sports	🏅
sportsmedal	🏅
sportutility	🚙
sportutilityvehicle	🚙
spouting	🐳
spoutingwhale	🐳
springs	♨️
square	🟥
squid	🦑
squinting	😆
squintingfacetongue	😝
sri	🇱🇰
srilanka	🇱🇰
ssandal	👡
sshoe	👞
stadium	🏟️
standing	🧍
star	⭐
starcrescent	☪️
stardavid	✡️
stars	🌃
starstruck	🤩
states	🇺🇸
station	🚉
statue	🗽
statueliberty	🗽
stbarth	🇧🇱
steam	😤
steamfrom	😤
steaming	🍜
steamingbowl	🍜
steamy	🧖
stethoscope	🩺
sthelena	🇸🇭
stkitts	🇰🇳
stlucia	🇱🇨
stmartin	🇲🇫
stone	🥌
stopbutton	⏹️
stopsign	🛑
stopwatch	⏱️
store	🏪
storm	⛈️
stpierre	🇵🇲
straight	📏
straightruler	📏
straw	🥤
strawberry	🍓
streamer	🎏
stressed	😰
strong	💪
struck	🤩
student	🧑‍🎓
studio	🎙️
studiomicrophone	🎙️
stuffed	🥙
stuffedflatbread	🥙
stvincent	🇻🇨
sudan	🇸🇩
suitlevitating	🕴️
sun	☀️
sunbehindcloud	⛅
sunbehindlargecloud	🌥️
sunbehindraincloud	🌦️
sunbehindsmallcloud	🌤️
sunface	🌞
sunflower	🌻
sunglasses	🕶️
sunny	☀️
sunrise	🌅
sunriseover	🌄
sunriseovermountains	🌄
sunset	🌇
superhero	🦸
supervillain	🦹
surfing	🏄
suriname	🇸🇷
sushi	🍣
suspension	🚟
suspensionrailway	🚟
svalbard	🇸🇯
svalbardjan	🇸🇯
svirgin	🇻🇮
swan	🦢
sweatdroplets	💦
sweden	🇸🇪
sweet	🍠
sweetpotato	🍠
swimming	🏊
swimsuit	🩱
swirl	🍥
switzerland	🇨🇭
swords	⚔️
symbols	🔣
synagogue	🕍
syria	🇸🇾
syringe	💉
tabs	📑
taco	🌮
tada	🎉
taiwan	🇹🇼
tajikistan	🇹🇯
takeout	🥡
takeoutbox	🥡
taking	🛀
takingbath	🛀
tamale	🫔
tanabata	🎋
tanabatatree	🎋
tangerine	🍊
tanzania	🇹🇿
taurus	♉
taxi	🚗
tea	🍵
teacher	🧑‍🏫
teacup	🍵
teacupwithout	🍵
teacupwithouthandle	🍵
teapot	🫖
tear	😢
tearoff	📆
tearoffcalendar	📆
tears	😭
tearsofjoy	😂
technologist	🧑‍💻
ted	🇨🇮
teddy	🧸
teddybear	🧸
telephone	☎️
telephonereceiver	📞
telescope	🔭
television	📺
temple	🛕
ten	🕥
tennis	🎾
teno	🕙
tenoclock	🕙
tent	⛺
tenthirty	🕥
territories	🇵🇸
territory	🇮🇴
test	🧪
testtube	🧪
thailand	🇹🇭
thank	🙏
thanks	🙏
thankyou	🙏
thermometer	🌡️
think	🤔
thinking	🤔
thinkingface	🤔
thirsty	🥤
thong	🩴
thongsandal	🩴
thought	💭
thoughtballoon	💭
thread	🧵
three	🕞
threeo	🕒
threeoclock	🕒
threethirty	🕞
thumb	🫰
thumbcrossed	🫰
thumbs	👍
thumbsdown	👎
thumbsdownsign	👎
thumbsup	👍
thumbsupsign	👍
thx	🙏
ticket	🎫
tickets	🎟️
tiger	🐅
tigerface	🐯
tilted	🔍
tiltedleft	🔍
tiltedright	🔎
timerclock	⏲️
timor	🇹🇱
timorleste	🇹🇱
tipping	💁
tired	😴
tiredface	😫
tobago	🇹🇹
together	🤲
togo	🇹🇬
toilet	🚽
tokelau	🇹🇰
tokyo	🗼
tokyotower	🗼
tom	🇸🇹
tomato	🍅
tompr	🇸🇹
tonga	🇹🇴
tongue	👅
toolbox	🧰
tooth	🦷
toothbrush	🪥
toparrow	🔝
tophat	🎩
tornado	🌪️
tower	🗼
track	🛤️
trackball	🖲️
tracks	🔀
tracksbutton	🔀
tractor	🚜
trade	™️
trademark	™️
traffic	🚥
train	🚆
tram	🚊
tramcar	🚋
tramway	🚡
transgender	⚧️
transgenderflag	🏳️‍⚧️
transgendersymbol	⚧️
trap	🪤
travel	✈️
tray	📤
tree	🌳
trex	🦖
triangle	🔺
triangular	📐
triangularflag	🚩
triangularruler	📐
trident	🔱
tridentemblem	🔱
trinidad	🇹🇹
trinidadtobago	🇹🇹
tristan	🇹🇦
tristanda	🇹🇦
trkiye	🇹🇷
troll	🧌
trolleybus	🚎
trophy	🏆
tropical	🐠
tropicaldrink	🍹
tropicalfish	🐠
truck	🛻
trumpet	🎺
tshirt	👕
tube	🧪
tulip	🌷
tumbler	🥃
tumblerglass	🥃
tune	🎵
tunisia	🇹🇳
turban	👳
turkey	🦃
turkmenistan	🇹🇲
turks	🇹🇨
turkscaicos	🇹🇨
turtle	🐢
tuvalu	🇹🇻
tuxedo	🤵
twelve	🕧
twelveo	🕛
twelveoclock	🕛
twelvethirty	🕧
twohearts	💕
twohump	🐫
twohumpcamel	🐫
twoo	🕑
twooclock	🕑
twothirty	🕝
ty	🙏
uganda	🇺🇬
ugh	😩
ukraine	🇺🇦
umbrella	☂️
umbrellaground	⛱️
umbrellaraindrops	☔
unamused	😒
unamusedface	😒
undereighteen	🔞
undereyes	🫩
unhappy	😢
unicorn	🦄
uniform	🥋
union	🇪🇺
unitedarab	🇦🇪
unitedkingdom	🇬🇧
unitednations	🇺🇳
unitedstates	🇺🇸
unlocked	🔓
unwell	🤒
uparrow	⬆️
updown	↕️
updownarrow	↕️
uphand	🫴
upleft	↖️
upleftarrow	↖️
upnewspaper	🗞️
uppercase	🔠
upright	↗️
uprightarrow	↗️
upset	😢
upside	🙃
upsidedown	🙃
upsidedownface	🙃
uptogether	🤲
upwards	🔼
upwardsbutton	🔼
urn	⚱️
uruguay	🇺🇾
utility	🚙
utilityvehicle	🚙
uzbekistan	🇺🇿
vacancy	🈳
vacation	✈️
vampire	🧛
vanuatu	🇻🇺
vatican	🇻🇦
vaticancity	🇻🇦
vegetable	🫜
vehicle	🚙
veil	👰
venezuela	🇻🇪
verde	🇨🇻
vertical	🚦
verticalarrows	🔃
vertically	🙂‍↕️
verticaltraffic	🚦
verticaltrafficlight	🚦
vest	🦺
vibration	📳
vibrationmode	📳
victory	✌️
victoryhand	✌️
video	🎮
videocamera	📹
videocassette	📼
videogame	🎮
vietnam	🇻🇳
viewer	🫵
viewing	🎑
viewingceremony	🎑
vincent	🇻🇨
vincentgrenadines	🇻🇨
violin	🎻
virgin	🇻🇬
virgo	♍
volcano	🌋
volleyball	🏐
voltage	⚡
volume	🔈
vomiting	🤮
vsbutton	🆚
vulcan	🖖
vulcansalute	🖖
waffle	🧇
wales	🏴󠁧󠁢󠁷󠁬󠁳󠁿
walk	🚶
wallis	🇼🇫
wallisfutuna	🇼🇫
wand	🪄
waning	🌖
waningcrescent	🌘
waningcrescentmoon	🌘
waninggibbous	🌖
waninggibbousmoon	🌖
warning	⚠️
wastebasket	🗑️
water	💧
waterbuffalo	🐃
watercloset	🚾
watermelon	🍉
waterpistol	🔫
waterwave	🌊
wave	👋
waving	👋
wavinghand	👋
wavy	〰️
wavydash	〰️
waxing	🌒
waxingcrescent	🌒
waxingcrescentmoon	🌒
waxinggibbous	🌔
waxinggibbousmoon	🌔
way	🌌
wearing	👳
weary	😩
wearycat	🙀
wearyface	😩
web	🕸️
wedding	💒
wedge	🧀
weights	🏋️
welcome	🤗
western	🇪🇭
westernsahara	🇪🇭
whale	🐋
wheel	🛞
wheelchairsymbol	♿
wheeldharma	☸️
whew	😌
whitecircle	⚪
whiteexclamation	❕
whiteexclamationmark	❕
whiteflag	🏳️
whiteflower	💮
whiteheart	🤍
whitelarge	⬜
whitelargesquare	⬜
whitemediumsmallsquare	◽
whitemediumsquare	◻️
whitequestion	❔
whitequestionmark	❔
whitesmall	▫️
whitesmallsquare	▫️
whitesquare	🔳
whitesquarebutton	🔳
wilted	🥀
wiltedflower	🥀
wind	🌬️
windchime	🎐
windface	🌬️
window	🪟
wine	🍷
wineglass	🍷
wing	🪽
wings	💸
wink	😉
winking	😉
winkingface	😉
winkingfacetongue	😜
winner	🏆
wireless	🛜
withouthandle	🍵
withoutmouth	😶
withoutsnow	⛄
wolf	🐺
woman	👩
womanartist	👩‍🎨
womanastronaut	👩‍🚀
womanbald	👩‍🦲
womanbeard	🧔‍♀️
womanbiking	🚴‍♀️
womanblond	👱‍♀️
womanblondhair	👱‍♀️
womanbouncing	⛹️‍♀️
womanbouncingball	⛹️‍♀️
womanbowing	🙇‍♀️
womancartwheeling	🤸‍♀️
womanclimbing	🧗‍♀️
womanconstruction	👷‍♀️
womanconstructionworker	👷‍♀️
womancook	👩‍🍳
womancurly	👩‍🦱
womancurlyhair	👩‍🦱
womandancing	💃
womandetective	🕵️‍♀️
womanelf	🧝‍♀️
womanfacepalming	🤦‍♀️
womanfactory	👩‍🏭
womanfactoryworker	👩‍🏭
womanfairy	🧚‍♀️
womanfarmer	👩‍🌾
womanfeeding	👩‍🍼
womanfeedingbaby	👩‍🍼
womanfirefighter	👩‍🚒
womanfrowning	🙍‍♀️
womangenie	🧞‍♀️
womangesturingno	🙅‍♀️
womangesturingok	🙆‍♀️
womangettinghaircut	💇‍♀️
womangettingmassage	💆‍♀️
womangolfing	🏌️‍♀️
womanguard	💂‍♀️
womanheadscarf	🧕
womanhealth	👩‍⚕️
womanhealthworker	👩‍⚕️
womanjudge	👩‍⚖️
womanjuggling	🤹‍♀️
womankneelingfacingright	🧎‍♀️‍➡️
womanlifting	🏋️‍♀️
womanliftingweights	🏋️‍♀️
womanlotusposition	🧘‍♀️
womanmage	🧙‍♀️
womanmanholdinghands	👫
womanmanualwheelchair	👩‍🦽
womanmechanic	👩‍🔧
womanmotorizedwheelchair	👩‍🦼
womanmountain	🚵‍♀️
womanmountainbiking	🚵‍♀️
womanoffice	👩‍💼
womanofficeworker	👩‍💼
womanpilot	👩‍✈️
womanplayinghandball	🤾‍♀️
womanplayingwaterpolo	🤽‍♀️
womanpolice	👮‍♀️
womanpoliceofficer	👮‍♀️
womanpouting	🙎‍♀️
womanraising	🙋‍♀️
womanraisinghand	🙋‍♀️
womanred	👩‍🦰
womanredhair	👩‍🦰
womanrowing	🚣‍♀️
womanrowingboat	🚣‍♀️
womanrunningfacingright	🏃‍♀️‍➡️
womansboot	👢
womanscientist	👩‍🔬
womansclothes	👚
womanshat	👒
womanshrugging	🤷‍♀️
womansinger	👩‍🎤
womanssandal	👡
womanstanding	🧍‍♀️
womansteamyroom	🧖‍♀️
womanstudent	👩‍🎓
womansuperhero	🦸‍♀️
womansupervillain	🦹‍♀️
womansurfing	🏄‍♀️
womanswimming	🏊‍♀️
womanteacher	👩‍🏫
womantechnologist	👩‍💻
womantipping	💁‍♀️
womantippinghand	💁‍♀️
womantuxedo	🤵‍♀️
womanvampire	🧛‍♀️
womanveil	👰‍♀️
womanwalkingfacingright	🚶‍♀️‍➡️
womanwearing	👳‍♀️
womanwearingturban	👳‍♀️
womanwhite	👩‍🦳
womanwhitecane	👩‍🦯
womanwhitehair	👩‍🦳
womanzombie	🧟‍♀️
womenbunnyears	👯‍♀️
womenholding	👭
womenholdinghands	👭
womens	🚺
womensroom	🚺
womenwrestling	🤼‍♀️
wood	🪵
woozy	🥴
woozyface	🥴
workers	⛑️
workout	🏋️
world	🗺️
worldmap	🗺️
worm	🪱
worried	😰
worriedface	😟
worship	🛐
wow	😮
wrapped	🎁
wrappedgift	🎁
wrench	🔧
wrestling	🤼
writing	✍️
writinghand	✍️
wry	😼
wrysmile	😼
xoxo	😘
xray	🩻
yang	☯️
yarn	🧶
yawn	🥱
yawning	🥱
yawningface	🥱
yay	🎉
yellow	💛
yellowcircle	🟡
yellowheart	💛
yellowsquare	🟨
yemen	🇾🇪
yen	💴
yenbanknote	💴
yin	☯️
yinyang	☯️
yougesture	🤟
yoyo	🪀
zambia	🇿🇲
zany	🤪
zanyface	🤪
zealand	🇳🇿
zebra	🦓
zimbabwe	🇿🇼
zipper	🤐
zippermouth	🤐
zippermouthface	🤐
zombie	🧟
zzz	😴
